name,prefecture,city,address,url,active,shop,service_area,customer_no
アイニコグループ株式会社,奈良県,奈良市,奈良県奈良市右京1丁目3-4サンタウンプラザすずらん館 2F,,1,トチナラ,奈良市・生駒市・木津川市（精華町）,
株式会社 すむくる不動産,石川県,金沢市,石川県金沢市諸江町上丁459−1,,1,すむくる不動産,石川県金沢市,
with Be株式会社,兵庫県,三田市,兵庫県三田市西山2丁目28-3ロイヤルスクエアA203,,1,with be,兵庫県三田市,
株式会社リ・スタイル,山梨県,甲府市,山梨県甲府市向町290番地3,,1,リ・スタイル,山梨県甲府市・甲斐市・中巨摩郡昭和町,
スヴァーリエヒュース株式会社,山梨県,昭和町,山梨県中巨摩郡昭和町飯喰1558-3,,1,住まいと土地の不動産屋さん,山梨県中央市・南アルプス市・昭和町・甲斐市（旧竜王町）,
ヤマイチ株式会社,富山県,富山市,富山県富山市野口812,,1,ハイズ不動産,富山県富山市・射水市,
BK不動産株式会社,千葉県,佐倉市,千葉県佐倉市寺崎北2丁目1番5プライムシティ寺崎1F,,1,ここすも佐倉店,千葉県佐倉市・四街道市,
株式会社ライフ,静岡県,静岡市,静岡県静岡市葵区千代田2-2-40,,1,ライフ不動産,静岡市葵区周辺,
株式会社いつき家,三重県,松阪市,三重県松阪市大黒田町1799-3,,1,いつき家不動産,三重県松阪市,
有限会社カントリーガーデン,秋田県,秋田市,秋田県秋田市手形山中町1-38,,1,カントリーガーデン不動産,秋田県秋田市,
有限会社桃栗柿屋,滋賀県,東近江市,滋賀県東近江市外町1381-3,,1,桃栗柿屋不動産事業部,滋賀県東近江市,
株式会社大建建設,新潟県,新潟市,新潟県新潟市東区浜谷町1-2-6,,1,ダイケン不動産,新潟市東区・江南区,
グッドハート株式会社,熊本県,熊本市,熊本市東区江津1丁目16-17,,1,グッドホーム熊本,熊本市南区・東区,
株式会社宏栄建材店,愛媛県,今治市,愛媛県今治市片山1-2-14,,1,ユイムニ,愛媛県今治市,
株式会社ベストホーム,岡山県,岡山市,岡山市中区清水1丁目10-12,,1,ベスト不動産,岡山市、瀬戸内市、赤磐市、備前市,
株式会社ゆい工房,新潟県,新潟市,新潟県新潟市北区白新町2-2-15,,1,ゆい工房,新潟市北区,
株式会社オリバー,富山県,富山市,富山県富山市二口町4丁目4-4,,1,オリバー不動産,富山県富山市,
株式会社ハウスマーケット,福岡県,大野城市,福岡県大野城市筒井4-1-12,,1,ハウスマーケット大野城×ORIGIMOND筑紫野,福岡県大野城市・春日市・太宰府市・筑紫野市・鳥栖市・小郡市,
フォレスト株式会社,兵庫県,姫路市,兵庫県姫路市飾西735-1,,1,フォレスト不動産,兵庫県姫路市,
株式会社安江工務店,愛知県,名古屋市,名古屋市天白区島田1-1509,,1,r-cove不動産,愛知県名古屋市天白区・緑区・日進市（東郷町）,
株式会社めぐみ不動産,静岡県,沼津市,静岡県沼津市下香貫樋ノ口1705,,1,めぐみ不動産,静岡県駿東郡長泉町・清水町・裾野市・三島市,
株式会社リブウェルヤマザキ,大阪府,松原市,大阪府松原市三宅西1-320-1,,1,リブウェル不動産,大阪府松原市・羽曳野市・藤井寺市,
サンプロ不動産株式会社,長野県,松本市,長野県松本市村井町南4-1-4,,1,サンプロ不動産,長野県松本市,
株式会社しげのぶ不動産,滋賀県,湖南市,滋賀県湖南市平松北1丁目4番地,,1,しげのぶ不動産,滋賀県湖南市・甲賀市(水口町・甲南町)、（栗東市・草津市）,
ガーデン株式会社,京都府,京都市,京都府京都市北区紫野雲林院町35番地4,,1,garDEN不動産,京都市北区（左京区・上京区）,
株式会社シンエイ,長野県,下諏訪町,長野県諏訪郡下諏訪町高浜6191-1,,1,シンエイ 不動産部,長野県諏訪郡,
株式会社鷲見製材,岐阜県,岐阜市,岐阜県岐阜市中鶉3-33-5,,1,ウッディライフ不動産,岐阜県岐阜市南部,
株式会社東洋ハウジング,千葉県,鎌ケ谷市,千葉県鎌ケ谷市新鎌ヶ谷3-2-9,,1,鎌すま・流すま,千葉県鎌ケ谷市（流山市）,
株式会社ピースホーム,宮崎県,宮崎市,宮崎県宮崎市江平西1丁目1-21,,1,ぴーす不動産,宮崎県宮崎市,
株式会社グリーンプランテック,神奈川県,厚木市,神奈川県厚木市旭町1-38-7,,1,スマイエスト,神奈川県厚木市・伊勢原市・秦野市・平塚市,
株式会社Robin,岐阜県,岐阜市,岐阜県岐阜市金町8-1フロンティア丸杉ビル5階,,1,ロビン不動産_高山店,岐阜県高山市,
株式会社シーキューブ夢ハウス,大阪府,八尾市,大阪府八尾市旭ケ丘2丁目59-3,,1,すまいの窓口 あべの,大阪市阿倍野区阿倍野元町1-9,
株式会社ここいえ,兵庫県,たつの市,兵庫県たつの市龍野町富永519-1,,1,たつの本店,兵庫県たつの市、揖保郡太子町、相生市（姫路市）,
西日本産業株式会社,福岡県,久留米市,福岡県久留米市花畑三丁目3-3,,1,西日本産業,福岡県久留米市,
株式会社サンクリエーション,和歌山県,和歌山市,和歌山県和歌山市和歌町33,,1,けやき通り不動産,和歌山市、岩出市、海南市,
有限会社北山建築,三重県,松阪市,三重県松阪市新町940,,1,とちみえ,三重県松阪市・津市,
株式会社すみたい地所,神奈川県,相模原市,神奈川県相模原市中央区淵野辺3-18-17,,1,すみたい地所,神奈川県相模原市中央区・南区,
WITHDOM Group株式会社,福岡県,古賀市,福岡県古賀市千鳥1丁目2-7,,1,ウィズ不動産,福岡県古賀市・福津市（宗像市）,
株式会社すむべ,岩手県,北上市,岩手県北上市新穀町2丁目4-8,,1,すむべ,岩手県北上市,
タマイM&S株式会社,大分県,大分市,大分県大分市高城西町8-15,,1,玉井不動産,大分県大分市,
クローバーハウス株式会社,福岡県,福岡市,福岡県福岡市東区和白1-1-25,,1,クローバーハウス,福岡県福岡市東区・糟屋郡新宮町・古賀市東区は一部に絞る,
株式会社サードコネクト,大分県,中津市,大分県中津市大字加来1661番地1,,1,コネクト不動産,大分県中津市・福岡県築上郡吉富町・築上郡上毛町・豊前市,
株式会社 建築工房坂本,石川県,金沢市,石川県金沢市下安原町西258-5,,1,じもとち,石川県金沢市一部・白山市,
株式会社山崎工業,福島県,いわき市,福島県いわき市平上荒川字桜町60,,1,桜まち不動産,福島県いわき市（平・常盤・内郷）,
リフォームワン株式会社,長野県,上田市,長野県上田市住吉40-13,https://www.one-estate.jp/,1,Oneエステイト,長野県上田市・東御市,
株式会社ハラケン工舎,広島県,呉市,広島県呉市阿賀南2丁目6番20号,,1,ハラケン不動産,広島県呉市・江田島市・東広島市・安芸郡海田町・熊野町・坂町・府中町,
株式会社LIFEFUND,静岡県,浜松市,静岡県浜松市中区鴨江3丁目70-23,,1,物件王国,浜松市中央区（旧中区）,
有限会社ファーストプランテクノ,大阪府,八尾市,大阪府八尾市神宮寺1-64,,1,ファーストウィズ 八尾市 不動産,大阪府八尾市・柏原市,
キタザワ産業株式会社,京都府,城陽市,京都府城陽市平川東垣外40-1,,1,不動産事業部,京都府城陽市・宇治市西部・久御山町（京田辺市）,
東陽ハウジング株式会社,広島県,広島市,広島県広島市佐伯区五日市中央2丁目1-11,,1,東陽ハウジング,広島県広島市佐伯区,
Gクレイン株式会社,広島県,広島市,広島県広島市東区光町2丁目8-35-102号,,1,すみはる商店,広島県東区・南区・安芸区・安芸郡,
株式会社いえここ不動産（光電気）,神奈川県,秦野市,神奈川県秦野市桜町2丁目1−45,,1,いえここ不動産,神奈川県秦野市,
株式会社イズホーム不動産,大阪府,堺市,大阪府堺市堺区三国ヶ丘御幸通59南海堺東ビル(堺タカシマヤ上) 7F,,1,イズホーム不動産,堺市北区・大阪市西区,
Suidobi 株式会社,静岡県,浜松市,静岡県浜松市東区小池町2736-3,,1,suidobi不動産,浜松市中央区（旧東区）,
株式会社ヒノキヤグループ まいすまいカンパニー,埼玉県,久喜市,埼玉県久喜市上町3番4号,,1,まいすまい久喜店,埼玉県久喜市,
株式会社エヌ・アイ・エス,神奈川県,海老名市,神奈川県海老名市河原口2丁目2-38,,1,シャインスター,海老名市・綾瀬市,
株式会社デザインライフ,岡山県,岡山市,岡山県岡山市北区今3丁目9-12ピュアライフ今1F101号室,,1,DeLiE デリエ,岡山県岡山市北区,
原建販,岐阜県,上市白鳥町,岐阜県郡上市白鳥町為真201-78,,1,ここくらし,岐阜県郡上市,
平林建築工房株式会社,兵庫県,赤穂市,兵庫県赤穂市加里屋26-4,,1,ラフォーレエステート,兵庫県赤穂市・上郡町,
株式会社モットハウス,愛知県,刈谷市,愛知県刈谷市一ツ木町4-9-12,,1,モットハウス不動産,愛知県刈谷市・知立市（安城市）,
丸什本間建設株式会社,北海道,釧路町,北海道釧路郡釧路町桂木5丁目16番地,,1,昴不動産,北海道釧路市・北海道釧路郡釧路町,
有限会社 河村総合建築,徳島県,勝浦町,徳島県勝浦郡勝浦町棚野鍛冶地9-4,,1,やまもも不動産,徳島県徳島市,
有限会社アルヴィス,茨城県,つくば市,茨城県つくば市さくらの森10-5 AK-styleII 2B,,1,エリアサーチつくば,茨城県つくば市,
株式会社Hearts建築工房,埼玉県,北本市,埼玉県北本市中丸7-365,,1,Hearts不動産,埼玉県北本市・桶川市,
EC南部コーポレーション株式会社,岩手県,奥州市,岩手県奥州市水沢佐倉河字慶徳71番地 EC慶徳ビル2階,,1,とちふる,岩手県奥州市・胆沢郡金ケ崎町,
株式会社cosha,愛媛県,松山市,愛媛県松山市朝生田町七丁目2番24号,,1,コーシャ不動産,愛媛県松山市,
株式会社 小林新建,大阪府,和泉市,大阪府和泉市和気町3-6-4,,1,スマイルワンホーム,大阪府和泉市・泉北郡忠岡町（泉大津市・岸和田市・堺市南区）,
株式会社ルク・ルクホーム,広島県,広島市,広島県広島市東区若草町2-16,,1,株式会社ルク・ルクホーム,広島市東区,
リベルタ企画,福岡県,久留米市,福岡県久留米市小森野六丁目18-21,,1,リベルタ不動産,福岡県久留米市,
SS建築デザイン室有限会社,岩手県,花巻市,岩手県花巻市湯本2-54-8,,1,はなとちと,岩手県花巻市,
株式会社村上組,青森県,弘前市,青森県弘前市大字藤代一丁目2番地1,,1,マルマン不動産,青森県弘前市,
株式会社アフィット不動産,宮崎県,宮崎市,宮崎県宮崎市大塚町権現昔769 タクミヤモール2F C店舗,,1,アフィット不動産,宮崎県宮崎市,
株式会社リアルターソリューションズ,滋賀県,草津市,滋賀県草津市南草津2-1-7 ラクーンビル1F,,1,リライト不動産,草津市・栗東市・守山市,
株式会社ハイランド,兵庫県,神戸市,兵庫県神戸市北区山田町小部字西ノ岡谷16−1,,1,ココサト,兵庫県神戸市北区,
株式会社藤本工務店,兵庫県,小野市,兵庫県小野市敷地町1603-1,,1,いえとち工房 不動産事業部,兵庫県小野市・加東市・三木市・西脇市・加西市,
有限会社サンブルーサン,広島県,東広島市,広島県東広島市西条町大沢1140,,1,サンブルー不動産,広島県東広島市,
しんせつハウス株式会社,静岡県,磐田市,静岡県磐田市中泉2443-1,,1,しんせつハウス不動産,静岡県磐田市,
サンキホーム有限会社,岐阜県,可児市,岐阜県可児市広見2363-6,,1,みつかるホーム,可児市、美濃加茂市、加茂郡富加町、 加茂郡八百津町、可児郡御嵩町,
有限会社タクミ,広島県,福山市,広島県福山市駅家町万能倉1246番地5,,1,takumi不動産,広島県福山市北部（府中市主要部）,
株式会社an cube,大阪府,和泉市,大阪府和泉市いぶき野2丁目9番6号,,1,アンキューブ不動産,大阪府和泉市,
株式会社佐元工務店,宮城県,仙台市,宮城県仙台市若林区古城三丁目14番15号,,1,佐元不動産,宮城県仙台市若林区,
株式会社machinami,島根県,出雲市,島根県出雲市渡橋町824番地1,,1,マチナミ不動産,島根県出雲市,
株式会社サンヨークリエイト,大阪府,大阪市,大阪府大阪市鶴見区安田4丁目3-19,,1,つるみベース,大阪市鶴見区,
M図建築工房株式会社,宮崎県,宮崎市,宮崎県宮崎市本郷北方3643-1,,1,mokmok不動産,宮崎県宮崎市,
株式会社しずまち不動産,静岡県,静岡市,静岡市駿河区大谷2丁目25‐24,,1,物件牧場,静岡市駿河区,
有限会社獅子倉工務店,埼玉県,朝霞市,埼玉県朝霞市溝沼7-4-53,,1,ししくら不動産,埼玉県朝霞市,
トモノ不動産株式会社,長野県,佐久穂町,長野県南佐久郡佐久穂町海瀬355,,1,トモノ不動産,長野県佐久市・北佐久郡・南佐久郡佐久穂町・小諸市,
株式会社リマド不動産,愛知県,一宮市,愛知県一宮市大和町宮地花池字高見12番地1,,1,株式会社 リマド不動産,愛知県一宮市,
株式会社中澤,鹿児島県,鹿児島市,鹿児島県鹿児島市西別府町2995-5,,1,なかざわ不動産,鹿児島県鹿児島市一部,
杢る株式会社,東京都,練馬区,東京都練馬区貫井3-20-11,,1,る不動産,東京都練馬区一部,
株式会社エルハウス,長野県,茅野市,長野県茅野市宮川1387−9AIビル2F,,1,エル不動産,長野県茅野市・諏訪市・下諏訪町・原村・富士見町・千曲市・坂城町,
日本住建株式会社,愛知県,安城市,愛知県安城市城南町1-1-1,,1,安城すみたつ不動産,愛知県安城市,
田中建設株式会社,福井県,越前市,福井県越前市本保町21号10番地,,1,福来不動産,福井県越前市・鯖江市,
株式会社大之木ダイモ,広島県,呉市,広島県呉市中央3丁目8-21,,1,大之木ダイモ 不動産課,広島県呉市,
株式会社トータルホーム,岡山県,岡山市,岡山県岡山市北区西辛川323-16,,1,MOMO不動産販売,岡山市北区,
株式会社シアーズホームバース,福岡県,大野城市,福岡県大野城市乙金3丁目24番1号 イオン乙金店南街区内,,1,,福岡県大野城市・春日市・太宰府市,
株式会社アラカワ,大阪府,堺市,大阪府堺市堺区松屋町2-46-3,,1,アラカワ不動産,大阪府堺市堺区,
株式会社サンモルト,広島県,福山市,広島県福山市鞆町後地26-125,,1,サンモルト不動産,広島県福山市南部,
株式会社市兵衛,大阪府,和泉市,大阪府和泉市はつが野一丁目44番5,,1,いちや,大阪府泉州・堺市・南河内,
株式会社福さん,大阪府,大阪市,大阪府大阪市城東区今福西1丁目9-7,,1,福さん不動産,大阪府大阪市城東区,
株式会社マチリブ不動産,鳥取県,米子市,鳥取県米子市両三柳255-8,,1,マチリブ不動産,鳥取県米子市・鳥取市・島根県出雲市・松江市,
株式会社HORI建築,京都府,福知山市,京都府福知山市字土1117番地の122,,1,ジブン不動産,京都府福知山市・綾部市・舞鶴市,
有限会社堀内建材,長野県,須坂市,長野県須坂市墨坂南1-14-17,,1,SUMAITE不動産,長野県須坂市・高山村・長野市（一部）・小布施町,
有限会社西川技建工業,滋賀県,長浜市,滋賀県長浜市高月町西阿閉1414,,1,あおい不動産,滋賀県長浜市,
株式会社リキュー,愛知県,西尾市,愛知県西尾市永吉3丁目109,,1,RIKYU不動産,愛知県西尾市,
株式会社三建,兵庫県,加古川市,兵庫県加古川市加古川町溝之口584,,1,SANKEN不動産,兵庫県加古川市一部,
宮原建工株式会社,千葉県,船橋市,千葉県船橋市南本町1-12,,1,ひまわりエステート,千葉県船橋市南部,
株式会社豊田,埼玉県,吉川市,埼玉県吉川市三輪野江1375,,1,ゆたかた不動産,吉川市･三郷市,
株式会社エッジウェア,東京都,渋谷区,東京都渋谷区南平台町2-6 南平台町ヒルス101,,1,エッジウェアエステート,東京都渋谷区一部・目黒区一部,
翔ハウジング関東開発株式会社,神奈川県,相模原市,神奈川県相模原市南区相模大野3-19-11,,1,翔不動産,神奈川県相模原市南区,
アンデハウス株式会社,大阪府,泉南市,大阪府泉南市樽井2丁目23-20,,1,あんで不動産,大阪府泉南市、阪南市、岬町,
株式会社ファイブセンス,岐阜県,高山市,岐阜県高山市山田町295-1,,1,マッチングエステート,高山市（荘川町除く）・飛騨市古川町のみ,
株式会社ビリーブ,兵庫県,神戸市,兵庫県神戸市中央区磯辺通2丁目2-10-1003 (one knot tradesビル10F),,1,REC+（レクタス）神戸,兵庫県神戸市,
株式会社TRUNK 不動産,愛知県,豊田市,愛知県豊田市勘八町長根46-15,,1,TRUNK不動産｜トランク不動産,愛知県豊田市,
平林建設株式会社,千葉県,大多喜町,千葉県夷隅郡大多喜町森宮109-1,,1,ふらっと不動産,夷隅郡大多喜町・御宿町・いすみ市・勝浦市・睦沢町・長南町,
株式会社M.Peaceful建築,大阪府,貝塚市,大阪府貝塚市麻生中735,,1,ぴーすふる不動産,大阪府貝塚市・泉佐野市・熊取町,
株式会社SAFE,島根県,松江市,島根県松江市西津田6丁目1-45,,1,いいぷらん不動産,島根県松江市,
グリーンエコ建設株式会社,大阪府,岸和田市,大阪府岸和田市岡山町56-2,,1,GREEN ECO 不動産 岸和田店,大阪府岸和田市、和泉市,
株式会社rosetta,大阪府,池田市,大阪府池田市満寿美町1-24 1F,,1,North Label,大阪府池田市,
株式会社グリーンハウザー,宮城県,仙台市,宮城県仙台市宮城野区中野字上小袋田18番1,,1,住むっちゃ,宮城県仙台市宮城野区・多賀城市,
株式会社ヒノキヤグループ まいすまいカンパニー,静岡県,静岡市,静岡県静岡市葵区新伝馬2丁目3-8,,1,まいすまい静岡店,静岡県静岡市葵区,
有限会社田中住プランニング,千葉県,八千代市,千葉県八千代市吉橋1833-1,,1,タナジュウハウジング,千葉県八千代市,
株式会社ファーストステージ,茨城県,水戸市,茨城県水戸市常磐町1丁目1番地9号 FSビル2F,,1,,茨城県水戸市・ひたちなか市,
株式会社秋田宅建不動産,大阪府,東大阪市,大阪府東大阪市中石切町2-9-2,,1,秋田宅建不動産,大阪府東大阪市一部,
株式会社エース不動産,兵庫県,川西市,兵庫県川西市久代5丁目2-4,,1,エース不動産,兵庫県川西市,
株式会社ベルウッドデザイン,東京都,八王子市,東京都八王子市追分町21-14メゾンゆうしん1F,,1,はちくる不動産,八王子市の一部,
株式会社みずほ不動産,京都府,京都市,京都府京都市上京区浄福寺通丸太町上る中務町486−129コスモ ガーデン 二條104,,1,みずほ不動産,京都府上京区,
株式会社森組,富山県,南砺市,富山県南砺市荒木505番地の1,,1,森の不動産,富山県南砺市・砺波市・小矢部市,
株式会社プロテクトワン,兵庫県,神戸市,兵庫県神戸市西区北別府4丁目14-2,,1,ぷろわん,兵庫県神戸市垂水区,
ファーストステップ株式会社,宮崎県,宮崎市,宮崎県宮崎市千草町5-18エ・パングルビル1階,,1,ファーストステップ,宮崎県宮崎市,
株式会社田中建設,香川県,三豊市,香川県三豊市高瀬町比地1389-1,,1,たなけん不動産,香川県三豊市・観音寺市,
ヤマトカンキョウ株式会社,佐賀県,佐賀市,佐賀県佐賀市大和町大字尼寺926番地,,1,すずる不動産,佐賀県佐賀市北部,
株式会社ササキハウジングカンパニー,青森県,八戸市,青森県八戸市南類家3-7-25,,1,不動産のササキ,青森県八戸市、三戸郡南部町,
塚本産業株式会社,栃木県,真岡市,栃木県真岡市荒町57-18,,1,いちごの不動産,栃木県真岡市・芳賀郡益子町・芳賀町・市貝町,
株式会社丸山工務店,東京都,江東区,東京都江東区東砂3-15-7,,1,エルスリー,東京都江東区,
株式会社イワベニ（ジオリーブグループ）,岩手県,盛岡市,〒020-0133 岩手県盛岡市青山一丁目18-8,,1,くらすべ事業部,岩手県盛岡市,
株式会社アサダホーム設備,大阪府,東大阪市,大阪府東大阪市四条町6-3,,1,,東大阪市（西部エリア）,
株式会社樹工房,山口県,宇部市,山口県宇部市際波337番地3,,1,樹工房不動産,山口県宇部市、山陽小野田市、山口市の一部（山口市阿知須（あじす）のみ）,
株式会社Rain.Builder,大阪府,大阪市,大阪府大阪市中央区久太郎町1-5-31-308,,1,テンポアール,大阪府大阪市中央区,
仲小路不動産株式会社,秋田県,秋田市,秋田県秋田市中通二丁目1番22号,,1,仲小路不動産,秋田県秋田市,
大誠ホーム株式会社,大阪府,東大阪市,大阪府東大阪市大蓮北1-4−11,,1,,大阪府東大阪市西部,
株式会社リフト,福岡県,北九州市,福岡県北九州市門司区松原2丁目2番22号,,1,リフトフドウサン,福岡県北九州市門司区,
株式会社奈良技建,東京都,練馬区,東京都練馬区大泉町2-56-5,,1,NARASITE,東京都練馬区（2026/8/10～板橋区・北区・豊島区・新宿区・中野区は収集なし,
株式会社SOULMATE,神奈川県,藤沢市,神奈川県藤沢市藤沢1061-3望月ビル4F,,1,ソウルメイト不動産,神奈川県藤沢市,
有限会社エムジーシステム,香川県,善通寺市,香川県善通寺市中村町1393番地2,,1,,香川県仲多度郡琴平町、善通寺市、丸亀市,
三和ペイント株式会社,大阪府,大阪市,大阪府大阪市淀川区西宮原1丁目8番10号,,1,住まい探しのミカタ,大阪府高槻市,
株式会社オオサワホーム,長野県,松本市,長野県松本市野溝西2丁目9-58,,1,Renokura（リノクラ）不動産,長野県松本市、塩尻市、安曇野市,
株式会社齊藤建設,埼玉県,鶴ヶ島市,埼玉県鶴ヶ島市五味ヶ谷152-10,,1,,埼玉県鶴ヶ島市,
株式会社HARMONY,三重県,津市,三重県津市藤方1036番1,,1,HARMONY不動産,三重県津市,
株式会社明治住設,埼玉県,春日部市,埼玉県春日部市新川235-1,,1,住まいのみかた.com,埼玉県春日部市,
株式会社ジツダヤ,愛知県,名古屋市,愛知県名古屋市中区大須4-14-26ジツダビル7F,,1,とんぼ不動産,愛知県名古屋市昭和区,
株式会社喜助,茨城県,土浦市,茨城県土浦市城北町18-7,,1,,茨城県土浦市,
株式会社ノザワ,青森県,八戸市,青森県八戸市西白山台6-9-45,,1,青森の家さがし,青森県八戸市,
三祐木材株式会社,兵庫県,神戸市,兵庫県神戸市須磨区多井畑池の奥上11-1,,1,三祐不動産,兵庫県神戸市須磨区,
ジューテックホーム株式会社,神奈川県,横浜市,神奈川県横浜市都筑区新栄町4-1,,1,,神奈川県横浜市都筑区or横浜市港北区,
株式会社横浜ホームビルド,神奈川県,横浜市,神奈川県横浜市都筑区茅ヶ崎南3-1-42,,1,つづき不動産,神奈川県横浜市都筑区,
株式会社リフォームアップ,東京都,板橋区,東京都板橋区徳丸1-24-19,,1,Sumusubi不動産,東京都板橋区,
有限会社森田建設,大阪府,枚方市,大阪府枚方市藤阪東町二丁目15-1,,1,アルクハウス不動産,大阪府枚方市一部、京都府京田辺市一部,
株式会社アーバンインテリア,福岡県,福岡市,福岡県福岡市中央区白金1-3-8アバンス薬院2階,,1,住まい再生ラボ,福岡県福岡市中央区,
スクールバス不動産株式会社,大阪府,大阪市,大阪市中央区道修町1丁目3−1 ディライト北浜ビル6F,,1,SB-Realty,大阪府大阪市中央区,
株式会社なかむら総建,千葉県,白子町,千葉県長生郡白子町浜宿378,,1,なかむら不動産,千葉県茂原市・大網白里市,
株式会社サンホームズ,愛知県,幸田町,愛知県額田郡幸田町大字久保田字釜谷7-26,,1,共感住宅ray-out 不動産事業部,愛知県岡崎市・幸田町,
株式会社リノベース,山形県,山形市,山形県山形市清住町2-4-16,,1,山形 不動産＆住宅の情報館,山形県山形市、天童市、東根市、寒河江市、上山市、南陽市、山辺町、中山町,
株式会社池田商店,北海道,帯広市,北海道帯広市西18条北1丁目17,,1,とかちつなぐ不動産,北海道帯広市、河西郡芽室町、幕別町札内、河東郡音更町,
株式会社KENSHOW,埼玉県,熊谷市,埼玉県熊谷市原島1149-1,,1,On Fleek Estate,埼玉県熊谷市、（深谷市）,
天建株式会社,愛知県,名古屋市,愛知県名古屋市中区錦二丁目9番14号 伏見スクエアビル3F,,1,,愛知県名古屋市千種区,
株式会社木の彩,石川県,かほく市,石川県かほく市高松ノ63-2,,1,きのいろ不動産,石川県かほく市、河北郡津幡町、羽咋郡宝達志水町、羽咋市,
シーダーホームズ株式会社,石川県,金沢市,石川県金沢市窪6丁目112番2,,1,こっとり不動産,石川県金沢市,
株式会社コンクスハウジング,群馬県,高崎市,群馬県高崎市問屋町3丁目9-5,,1,コンクス不動産,群馬県高崎市,
株式会社GRANDILL,神奈川県,相模原市,神奈川県相模原市緑区二本松3−19−2,,1,GRANDILL,神奈川県相模原市緑区,
株式会社サンワーク,宮城県,仙台市,宮城県仙台市泉区野村字天王前2番地1,,1,ハレイエ,仙台市泉区一部、富谷市,
有限会社太陽商事,愛知県,豊橋市,愛知県豊橋市新栄町字新田中64-1,,1,街の不動産 みっけ！,愛知県豊橋市,
藤絹商事株式会社,鹿児島県,鹿児島市,鹿児島県鹿児島市下荒田1丁目2-8,,1,ストックランド不動産,鹿児島県鹿児島市一部,
夢のなかまたち株式会社,神奈川県,相模原市,神奈川県相模原市中央区横山台2-13-1-1F,,1,ハウスドゥ 相模原横山台店,相模原市中央区,
エイチエスシー株式会社,神奈川県,横須賀市,神奈川県横須賀市吉井4-6-10,,1,cou cou house,横須賀市一部,
株式会社CloverHome,東京都,小平市,東京都小平市花小金井6-16-8,,1,,東京都武蔵野市,
株式会社おかけんホーム,滋賀県,彦根市,滋賀県彦根市戸賀町141-2,,1,おかけんホーム,滋賀県彦根市,
株式会社インデュアホームいわき南,福島県,いわき市,福島県いわき市東田町2丁目14-4,,1,インデュアホームいわき南,福島県いわき市南部・北茨城市・高萩市,
株式会社アート・宙,三重県,四日市,三重県四日市市北町3番4号,,1,ソラトチ,三重県四日市市,
サクラホームアシスト株式会社,長野県,長野市,長野県長野市篠ノ井岡田1065番地,,1,サクラ暮らし相談室,長野県長野市,
株式会社粹家創房,鹿児島県,鹿児島市,鹿児島県鹿児島市春山町1636-9,,1,かごんま不動産,鹿児島県鹿児島市,
株式会社MORIMOTO,広島県,広島市,広島県広島市中区江波南2丁目9-37,,1,,広島県広島市中区,
株式会社アート建工 マチリブ不動産,鳥取県,米子市,鳥取県米子市両三柳255-8,,1,,,
三ツ星ハウジング株式会社,埼玉県,上里町,埼玉県児玉郡上里町七本木3652-2,,1,,埼玉県児玉郡・本庄市,
株式会社小林創建,長野県,松本市,長野県松本市高宮北5番8号,,1,,長野県松本市,
石川住建株式会社,茨城県,石岡市,茨城県石岡市北府中2-8-7,,1,,茨城県石岡市・土浦市・かすみがうら市,
有限会社ツカサ,佐賀県,佐賀市,佐賀県佐賀市末広2丁目13番44号,,1,,佐賀県佐賀市,
株式会社イサカホーム,茨城県,笠間市,茨城県笠間市赤坂23-16,,1,,,S0064
株式会社プランニングエステート,東京都,目黒区,東京都目黒区目黒1丁目6番17号-13F,,1,,,S0149
木楽ホーム株式会社,長野県,東御市,長野県東御市県136-3 クレイン東御ビル,,1,,,S0341
ミライズ不動産株式会社,長野県,上田市,長野県上田市天神三丁目3-6,https://www.me-rise-fudosan.jp/,1,,,S0392
D-works株式会社,滋賀県,大津市,滋賀県大津市玉野浦4番69号,,1,,,S0414
株式会社平屋くん,三重県,亀山市,三重県亀山市東丸町524,,1,,,S0415
NOKKI株式会社,福井県,福井市,福井県福井市定正町102,,1,,,S0417
株式会社松下建設佐世保支店,長崎県,佐世保市,長崎県佐世保市大和町939番15,,1,トチスマショップ佐世保店,長崎県佐世保市一部、東彼杵郡（波佐見町、川棚町、東彼杵町）,
ファミリーステージ株式会社,熊本県,熊本市,熊本県熊本市中央区水前寺六丁目50-20,,1,,,S0419
株式会社夢のおてつだい,愛知県,豊田市,愛知県豊田市元宮町5丁目57-3,,1,,,S0421
ホライズン株式会社,広島県,広島市,広島県広島市南区段原南1-10-8,,1,ホライズン,広島県広島市・呉市（音戸・倉橋は除く）,S0423
株式会社パートナーズホーム,愛知県,豊橋市,愛知県豊橋市東郷町59-2,,1,,愛知県豊橋市東部,S0424
シェマコンサルタント株式会社,熊本県,熊本市,熊本県熊本市東区東野四丁目8番3号105,,1,,,S0416
株式会社Linkrop,東京都,中野区,東京都中野区中野2-19-2 リードシー中野ビル3F,,1,Linkrop不動産,,S0361
